id,streetName,latitude,longitude
1,Gran Via Corts Catalanes,41.397952,2.180042
2,Roger de Flor/ Gran Vía,41.39553,2.17706
3,Nàpols,41.394055,2.181299
4,Ribes,41.39348,2.181555
5,Pg Lluís Companys,41.391075,2.180223
6,Pg Lluís Companys,41.391349,2.18061
7,Pg Lluís Companys,41.388856,2.183251
8,Pg Lluís Companys,41.389088,2.183568
9,Marquès de l'Argentera,41.384532,2.184921
11,Passeig Marítim,41.381689,2.193914
12,Pg Marítim Barceloneta,41.384538,2.195679
13,Avinguda Litoral,41.386861,2.195761
14,Avinguda del Marques Argentera,41.384675,2.185039
15,Girona,41.394812,2.171189
16,Av. Meridiana,41.39827,2.186708
17,Av. Meridiana,41.398237,2.186711
18,Rosselló,41.406086,2.174167
19,Rosselló,41.403282,2.170726
20,Cartagena,41.410166,2.175759
21,Sant Antoni Maria Claret,41.410897,2.17402
22,Sardenya,41.401684,2.17568
23,Bruc,41.392526,2.171812
24,Marina,41.400659,2.179111
25,Bruc,41.395179,2.168294
26,Dos Maig,41.407035,2.181981
27,Provença,41.396897,2.164373
28,Sardenya,41.405422,2.17064
29,Provença,41.401132,2.170028
30,Diagonal,41.402046,2.182286
31,Plaça del Mar,41.37481,2.18895
32,Plaça del Mar,41.373698,2.188927
33,Pontevedra,41.376862,2.190773
34,Sant Pere Més Alt,41.387074,2.175247
35,Sant Ramon de Penyafort,41.413592,2.221153
36,Catedral,41.385151,2.176804
37,Pl. Antonio López,41.381226,2.181888
38,Pl. Pau Vila,41.381129,2.186397
39,Pl. Pau Vila,41.381046,2.186576
40,Doctor Aiguader,41.382335,2.187093
41,Pl. Poeta Boscà/Atlàntida,41.379326,2.189906
42,Ciutat de Granada,41.404511,2.189881
43,Av Meridiana,41.40541,2.18712
44,Av Meridiana,41.402285,2.187111
45,Sardenya,41.391429,2.189312
46,Ramon trias Fargas,41.388359,2.193004
47,Ramon Trias Fargas,41.389831,2.191147
48,Meridiana,41.396085,2.187073
49,Rosa Sensat en front,41.39106,2.196457
50,Av. Paral.lel,41.375,2.17035
51,Pl. Vicenç Martorell,41.384054,2.169019
53,Pl. Carles Pi i Sunyer,41.385227,2.173878
54,Sant Oleguer,41.377635,2.170586
55,La Rambla,41.381154,2.173497
56,Portal de Santa Madrona,41.377011,2.175834
57,La Rambla,41.376758,2.177093
58,Plaça dels Àngels,41.382822,2.167154
59,Plaça dels Àngels,41.382781,2.167203
60,Rambla Catalunya,41.390349,2.16424
61,Rambla Catalunya,41.390143,2.164946
62,Pl. Catalunya,41.387142,2.168858
63,Pl. Catalunya,41.386439,2.169417
64,Pl. Catalunya,41.387469,2.169048
65,Pl. Catalunya,41.387678,2.169587
66,Gran Via,41.389097,2.167933
67,Rocafort,41.385012,2.145843
68,Rambla Catalunya,41.395364,2.157356
69,Avda. Litoral,41.386814,2.195689
70,Comte Urgell,41.380347,2.160695
71,Floridablanca,41.381931,2.162969
72,Provença,41.392716,2.158811
73,Enric Granados,41.392278,2.156183
74,Josep Tarradellas,41.390062,2.143272
75,Josep Tarradellas,41.385081,2.142868
76,Còrsega,41.391751,2.153123
78,Pl. Universitat,41.385598,2.16338
79,Pl. Universitat,41.38547,2.16333
80,Enric Granados,41.389687,2.159999
81,Vilamarí davant,41.378915,2.149174
82,Rocafort,41.379016,2.153799
83,Comte Borrell,41.384075,2.153654
84,Comte d'Urgell,41.383047,2.157033
85,Paral·lel,41.375076,2.159046
86,Viladomat,41.37544,2.163
87,Mallorca,41.383156,2.148506
88,Londres,41.393547,2.150764
89,Rosselló,41.38824,2.150252
90,Rosselló,41.38834,2.150825
91,Comte Borrell,41.380452,2.158403
92,Provença,41.39386,2.160237
93,Gran Via,41.375454,2.149786
94,Gran Via,41.375619,2.149889
95,Tarragona,41.376428,2.147734
96,Gran Via,41.374152,2.148154
97,Tarragona,41.378124,2.145389
98,Viriat,41.380499,2.141153
99,Viriat,41.380632,2.141548
100,Tarragona,41.379135,2.14409
101,Av. Diagonal,41.392463,2.143182
102,Av. Diagonal,41.39218,2.14213
103,Aragó,41.409856,2.188217
104,C/València,41.410821,2.187365
105,PL. Urquinaona,41.389197,2.173555
106,Pl. Joanic,41.405587,2.162317
107,Travessera de Gracia,41.398373,2.153154
108,Indústria,41.402314,2.164961
109,C/ Londres,41.390981,2.14737
110,Avda. Roma,41.385377,2.154878
111,Calabria,41.381231,2.152755
112,Floridablanca,41.377644,2.15725
113,Sant Pau,41.377464,2.164725
114,Pl. Jean Genet,41.376801,2.173039
115,Marqués d'Argentera,41.38377,2.18424
116,Salvat Papasseit,41.383718,2.191414
117,Rosa Sensat,41.390666,2.197024
118,Sardenya,41.392212,2.187847
119,Sardenya,41.396684,2.182447
120,Lepant,41.404666,2.176515
121,Castillejos,41.406293,2.178689
122,Nàpols,41.405435,2.16624
123,Girona,41.398013,2.166978
124,Passeig Joan de Borbó,41.370297,2.187808
125,Passeig Maritim,41.384426,2.195595
126,Passeig de Colom,41.380778,2.182581
127,Aragó,41.412322,2.19142
128,Rambla Guipúscoa,41.415581,2.19581
129,Manso,41.377068,2.161269
130,Rambla Guipúscoa,41.419905,2.201573
131,Rambla Guipúscoa,41.422808,2.206036
132,Pl. Valentí Amirall,41.408439,2.192173
133,Gran Vía,41.407307,2.192804
134,Bac de Roda,41.411433,2.198735
135,Gran Vía,41.411908,2.197936
136,Gran Vía,41.414226,2.201734
137,"Gran Vía, 1041/ Selva de Mar",41.414758,2.201538
138,Gran Vía,41.416966,2.205397
139,Gran Vía,41.418035,2.206023
140,Viladomat,41.38063,2.15614
141,Gran Via,41.40902,2.194896
142,Sancho de Ávila,41.400503,2.192511
143,Sancho de Ávila,41.40325,2.19606
144,Castella,41.40562,2.19764
145,Pere IV,41.40982,2.202904
146,Pere IV,41.415191,2.207111
147,Rambla Prim,41.416018,2.212658
148,Ronda Sant Pau,41.378486,2.163404
149,Pujades,41.395905,2.192958
150,Espronceda,41.406549,2.203112
151,Pallars,41.40065,2.19719
152,Pujades,41.39925,2.197421
153,Pujades,41.401778,2.200769
154,Pujades,41.402454,2.201656
155,Pujades,41.406977,2.207602
156,Diagonal,41.409017,2.20881
157,C/ LLULL - RBLA. PRIM,41.412947,2.217819
158,Rambla de Prim,41.411741,2.218546
159,Avda. Diagonal,41.410882,2.216703
160,Avda. d'Eduard Maristany,41.411026,2.219377
161,Ramon Turro,41.395009,2.196308
162,Ramon Turro,41.403908,2.208436
163,Avda. Icaria,41.3942,2.20077
164,Independència,41.411901,2.177895
165,Carrer del Doctor Trueta,41.399196,2.204253
166,Bilbao,41.400533,2.206539
167,Bac de Roda,41.402561,2.210538
168,Selva de Mar,41.405358,2.213677
169,Avda. Litoral,41.389896,2.200055
170,Avda. Litoral,41.389732,2.199934
171,Passeig Marítim de la Nova Icària,41.391986,2.203699
172,Passeig Marítim de la Nova Icària,41.391831,2.203436
173,Avda. Litoral,41.398027,2.208982
174,Passeig de Garcia Fària,41.40061,2.210461
175,Llull / Provençals,41.40666,2.20956
176,Passeig de Garcia Fària,41.402541,2.212641
177,Rosselló,41.411089,2.181119
178,Passeig de Garcia Fària,41.405389,2.216212
179,Pg. Zona Franca,41.363511,2.13677
180,Gran Via,41.36778,2.13926
181,Gran Via,41.36766,2.13911
182,Gran Via,41.371455,2.143882
183,Gavà,41.372338,2.141875
184,Quetzal,41.367504,2.134088
185,Gavà,41.37046,2.138994
186,Consell de Cent,41.375571,2.143812
187,Carrer de Sant Pau,41.376858,2.169811
188,Pl. Sants (Ps. S. Antoni),41.375802,2.135973
189,Bruc,41.396918,2.166163
190,Avinguda Litoral,41.39606,2.207803
191,Rocafort,41.382564,2.149094
192,Joan Güell,41.378629,2.133467
193,Figols,41.381311,2.128912
194,Joan Güell,41.381013,2.132319
195,Vallespir,41.381888,2.135433
196,Berlín,41.383241,2.139363
197,Gelabert,41.38712,2.141039
198,Vallespir,41.38451,2.133617
199,Mejía Lequerica,41.38182,2.126933
200,Can bruixa,41.383756,2.131273
201,Numància,41.387787,2.134341
202,Carrer de les Corts,41.385331,2.128737
203,Avda. Diagonal,41.388742,2.128503
204,Avda. Diagonal,41.388011,2.125593
205,Europa,41.387465,2.130838
206,Avda. Diagonal,41.389845,2.13284
207,Avda. Diagonal,41.390828,2.136665
208,Avda. Diagonal,41.391451,2.139116
209,Diputació,41.385755,2.161004
210,Vilardell,41.37453,2.142356
211,Sancho de Ávila,41.398848,2.190291
212,Av. Sarrià,41.39239,2.130945
213,Sant Fe de Nou Mèxic,41.393783,2.135078
214,José de Agulló,41.395251,2.133541
215,Carrer de Ganduxer,41.39412,2.138146
216,Madrazo,41.396809,2.144534
217,Rector Ubach,41.398463,2.143924
218,Consell de Cent,41.404114,2.183203
219,Carre Laforja,41.397698,2.147358
220,Tuset,41.396229,2.151482
221,Gran de Gràcia,41.402535,2.152519
222,Carrer del Canó,41.40124,2.157483
223,Carrer de Bonavista,41.398311,2.159865
224,Girona,41.399945,2.164389
225,Mallorca,41.384956,2.150814
226,Montmany,41.403465,2.161096
227,Torrent de Les Flors,41.407837,2.158678
228,Pl. Del Nord,41.40694,2.155794
229,Carrer de la Santacreu,41.405107,2.156874
230,C. De Nil Fabra,41.405986,2.151633
231,Pi i Margall,41.407202,2.163476
232,Vilà i Vilà,41.373509,2.171002
233,Nou de la Rambla,41.371965,2.166871
234,Passeig de l'Exposició,41.371515,2.162166
235,Paral.lel,41.375065,2.165839
236,Avinguda Paral.lel,41.375127,2.152769
237,Rius i Taulet,41.372891,2.154471
238,Espronceda,41.415684,2.190986
239,Indústria,41.417323,2.184534
240,Josep Estivill,41.417763,2.187558
241,Teodor Llorente,41.419337,2.180482
242,Ramon Albó,41.424451,2.177284
243,Alenxadre Galí,41.423939,2.181298
244,Felip II,41.426896,2.178511
246,Garcilaso,41.422844,2.186637
247,Felipe II,41.421992,2.184806
248,Palència,41.418208,2.190374
249,Açores,41.425216,2.188997
250,Portugal,41.425905,2.19115
251,Cardenal Tedeschini,41.425405,2.185226
252,Rambla Onze de Setembre,41.429953,2.193185
253,Onze de Setembre,41.429977,2.191821
254,Gran de Sant Andreu,41.429985,2.190163
255,Irlanda,41.431183,2.185852
256,Malats,41.43608,2.189542
257,Sant Adrià,41.433897,2.189614
258,Fernando Pessoa,41.442167,2.193032
259,Carrer de Bartrina,41.439109,2.185818
260,Plaça de l'Estació,41.436163,2.192994
261,Villarroel,41.382206,2.160644
262,Rocafort,41.379821,2.152496
263,Pg.Torras i Bages,41.437814,2.191039
264,República Dominicana,41.439949,2.197033
265,Casanovas,41.385467,2.158532
266,Concepció Arenal,41.426841,2.184238
267,Passeig Torras i Bages,41.443395,2.190623
268,Fernando Pessoa,41.445705,2.192892
269,Via Barcino,41.448128,2.192826
270,Crta. de Ribes (Trinitat Vella),41.448628,2.18976
271,Via Barcino,41.450634,2.192335
272,Concepció Arenal,41.432559,2.184264
273,Avda. Meridiana,41.430404,2.183382
274,Rambla Fabra i Puig,41.430092,2.184898
275,Rio de Janeiro,41.430693,2.182225
276,Plaça Alfons X el Savi / Ronda del Guinardó,41.412163,2.165275
277,Travessera de Gràcia,41.408284,2.16905
278,Travessera de Gràcia,41.409815,2.171621
279,Mas Casanovas,41.415951,2.174564
280,Sant Antoni Mª Claret,41.413986,2.177842
281,Escornalbou,41.418088,2.176313
282,Font d'en Fargas,41.427561,2.166022
283,Carrer Fulton,41.42968,2.16157
284,Ada. Diagonal,41.389503,2.131454
285,Malats,41.436708,2.186059
286,Bolívia,41.403103,2.191428
287,Gran Via,41.389171,2.168113
288,Pl. Virrei Amat,41.429636,2.174487
289,Múrcia,41.416828,2.191022
290,Plaça dels Jardins d'Alfàbia,41.437094,2.174047
291,Cubelles,41.425897,2.17505
292,Amilcar,41.430036,2.171974
293,Granollers,41.428388,2.163101
294,Seu del Districte (Nou Barris),41.436373,2.170678
295,Sant Iscle,41.43345,2.1715
296,Carrer de Rosselló i Porcel,41.436505,2.183877
297,Carrer Turó Blau,41.438864,2.176822
298,Andreu Nin,41.43463,2.181747
299,Carrer de l'Escultor Ordóñez,41.433965,2.175199
300,Carrer de Maladeta,41.431593,2.176909
301,Marie Curie,41.437053,2.169644
302,Cavallers,41.39065,2.111615
303,Cavallers,41.393341,2.115076
304,Manuel Girona,41.390208,2.121029
305,Diagonal,41.387498,2.123637
306,Doctor Salvador Cardenal,41.385465,2.122912
307,Pintor Ribalta,41.379135,2.113505
308,Cardenal Reig,41.376788,2.113864
309,Sant Ramón Nonat,41.37674,2.116973
310,Josep Samitier,41.381223,2.119077
311,Gallego-Arístides Maillol,41.378638,2.120393
312,Arizala,41.379046,2.123253
313,Feliu de Casanova,41.375366,2.129847
314,Rambla del Brasil,41.37836,2.129737
315,Guinardó,41.415617,2.181966
316,Cantàbria,41.422212,2.198316
317,Rambla Prim,41.425566,2.200693
318,Cartagena,41.413406,2.171331
319,Saguès,41.393713,2.145584
320,Vía Augusta,41.401118,2.147989
321,Carrer de Sant Hermenegild,41.403054,2.144549
322,Santaló,41.400977,2.13907
323,Vallmajor,41.397996,2.138717
324,Reina Victoria,41.396938,2.136258
325,Alt de Gironella,41.39493,2.130325
326,Balmes,41.407384,2.1383
327,Reus,41.405,2.13453
328,Artesa de Segre,41.40293,2.13427
329,Carrer de les Escoles Pies,41.402879,2.128541
330,Doctor Carulla,41.400587,2.130658
331,Castellnou,41.39706,2.12801
332,Doctor Roux,41.399833,2.128083
333,Passatge de Senillosa,41.395632,2.125106
334,Via Augusta,41.400722,2.123268
335,Santa Amèlia,41.393639,2.123224
336,Caponata,41.395274,2.120973
337,Carme Karr,41.398719,2.120422
338,Avinguda de J.Foix,41.397572,2.119506
339,Ramon Turró,41.401662,2.205277
340,Sant Adrià,41.43619,2.204573
341,Pl. Mossèn Joan Cortines,41.433958,2.206166
342,Roc Boronat,41.403502,2.193702
343,Campana de la Maquinista,41.438886,2.199598
344,Ciutat d'Asunción,41.443127,2.199538
345,Pl. Teresa de Claramunt,41.363093,2.139771
346,Carrer de la Foneria,41.360654,2.139132
347,Alts Forns,41.359496,2.14182
348,Jardins de Can Ferrero,41.357067,2.141563
349,Carrer de l'Energia,41.357338,2.137172
350,Villarroel,41.391833,2.14812
351,Jane Addams,41.362135,2.135637
352,Radi,41.36335,2.134144
353,Munné,41.375414,2.123191
354,Rambla del Brasil,41.37592,2.13008
355,Carreras i Candi,41.37211,2.12859
356,Camèlies,41.413425,2.163411
357,Cardener,41.410538,2.1581
358,Gombau,41.387225,2.17927
359,Méndez Núñez,41.390021,2.177572
360,Bailén,41.395213,2.172984
361,Passeig de Colom,41.376292,2.178553
362,Bailén,41.397006,2.17057
363,Bruc,41.39076,2.1744
364,Passeig de Gràcia,41.39324,2.16343
365,Viladomat,41.387499,2.14702
366,Pau Casals,41.393037,2.14358
367,Sentmenat,41.385057,2.137331
368,Diputació,41.396815,2.175714
369,Consell de Cent,41.400168,2.177948
370,Sardenya,41.403735,2.172987
371,Carrer dels Enamorats,41.404027,2.181264
372,Ribes,41.400167,2.184362
373,Av. Paral.lel,41.375073,2.161305
374,Passeig de Gràcia,41.395,2.16123
375,World Trade Center,41.372154,2.180701
376,World Trade Center,41.371663,2.180302
377,Pl. Ictíneo,41.37747,2.183737
378,Pl.Joaquim Xira i Palau,41.378516,2.176716
379,Pl. Sant Miquel,41.381709,2.177308
380,Duran i Bas,41.385463,2.174252
381,Agustí Duran i Sanpere,41.381686,2.167816
382,Lope de Vega,41.403938,2.204188
384,Vilamarí,41.380708,2.146793
385,Casanova,41.387978,2.155266
386,Av.Paral.lel,41.375086,2.156848
387,Nàpols,41.395796,2.178784
388,Riera Alta,41.380593,2.167418
389,Recinte Parc de la Ciutadella,41.38739,2.1875
390,Comerç,41.386955,2.18195
391,Sagrera,41.422873,2.191204
392,Ramon Turró,41.390595,2.190681
393,Llacuna,41.402177,2.197653
394,Diputació,41.387151,2.162838
395,Pl. Catalunya,41.386009,2.170212
396,Joan Miró,41.389028,2.196844
397,Av. Del Litoral,41.388894,2.199334
398,Passeig Marítim de la Barceloneta,41.381011,2.193502
400,Moll Oriental,41.36958,2.188017
401,Pl. Antonio López (Via Laietana) annexa a la 37,41.381241,2.181838
402,Passeig de Colom,41.380705,2.182415
404,Juan Gris,41.365374,2.133087
405,Comte Borrell,41.38551,2.152
406,Gran Via de Les Corts Catalanes,41.386512,2.164597
407,Ramon Trias Fargas,41.388471,2.192835
408,Ramon Trias Fargas,41.388988,2.192283
409,Joan d'Àustria,41.392272,2.192556
410,"Passeig de Colom, s/n",41.376433,2.17871
412,Pl. Urquinaona,41.389012,2.172667
413,Bruc,41.393512,2.170718
414,Casp,41.393744,2.176451
415,Rambla del Raval,41.379374,2.168921
416,Rambla del Raval,41.378134,2.16965
418,Passeig de Lluís Companys,41.390943,2.180251
419,Passeig de Lluís Companys,41.391299,2.180828
420,Gran Via,41.374213,2.148082
421,Plaça de Joan Peiró,41.378031,2.139124
423,Carrer d'Hondures,41.420201,2.189532
424,"Passeig Marítim de la Barceloneta, devant del 5-7",41.379632,2.192662
425,Carrer de Cervelló,41.37652,2.1749
426,Carrer de Ribes,41.398305,2.183023
427,Carrer de Sant Pau,41.375336,2.168007
428,Carrer Pujades,41.398389,2.196261
451,(PK) C/ JAUME FABRA,41.37445,2.159668
452,(PK) C/ PADILLA,41.398747,2.186289
453,(PK) C/ URGELL,41.379563,2.16204
454,(PK) C/ BILBAO,41.402448,2.204131
455,(PK) AV. DEL LITORAL,41.388966,2.19917
456,(PK) C/ DE FLOS I CALCAT,41.389853,2.128581
457,(PK) C/ DE JOSEP BALARÍ,41.401519,2.134235
458,(PK) AV. JOAN XXIII,41.384344,2.122085
459,(PK) C/ D'ALÍ BEI,41.393941,2.181443
460,(PK) AV. FRANCESC CAMBÓ,41.385702,2.177316
461,(PK) AV. JOSEP TARRADELLAS,41.384111,2.14274
462,(PK) AV. JOSEP TARRADELLAS,41.390125,2.143221
463,(PK) C/ DE L´ABAT SAFONT,41.375244,2.169795
464,"(PK) C/ DE RAMON ALBÓ, 77s",41.427727,2.177205
465,(PK) RDA. DEL GENERAL MITRE,41.40542,2.142456
466,(PK) PG. MARAGALL,41.415745,2.180684
467,(PK) C/ DEL DR. AIGUADER,41.38582,2.194135
468,(PK) C/ DE LES MONGES,41.430201,2.187974
469,(PK) RAMBLA DEL POBLENOU,41.404362,2.197132
470,(PK) C/ CARDENAL DE SENTMENAT,41.397921,2.125411
471,(PK) C/ MARQUÈS DE MULHACÉN,41.39415,2.114973
472,(PK) C/ DEL TORRENT DE L´OLLA,41.407353,2.151341
473,(PK) PG. DE GARCIA FÀRIA,41.404459,2.214978
474,(PK) PL. GAL·LA PLACÍDIA,41.3989,2.153668
475,(PK) C/ DE LA MARINA,41.408528,2.169385
476,(PK) C/ DE BADAJOZ,41.402459,2.19042
477,(PK) PG. DE COLOM,41.376648,2.178745
478,(PK) C/ DEL BALUARD,41.3798,2.1891
479,(PK) C/ DE LA MARINA,41.387298,2.196595
480,(PK) C/ DELS FLORISTES DE LA RAMBLA,41.381516,2.170239
481,(PK) C/ DE VALÈNCIA,41.383036,2.150337
482,(PK) PL. D'ERNEST LLUCH I MARTIN,41.41306,2.22123
483,(PK) C/ DE SIRACUSA,41.401752,2.160748
484,(PK) RAMBLA CATALUNYA - RDA. UNIVERSITAT,41.388101,2.166997
485,(PK) PLAÇA URQUINAONA,41.389914,2.173239
486,(PK) PG. DE GRÀCIA - DIAGONAL,41.396934,2.159445
487,(PK) PL. DE FERRER I CAJIGAL,41.38921,2.154
488,(PK) C/ DE CIENFUEGOS,41.423976,2.184391
489,(PK) PLAÇA CANONGE RODÓ,41.409532,2.188282
491,(PK) C/ DE CARRERAS I CANDI,41.37252,2.12898
492,PL. DE TETUAN,41.394232,2.175278
493,PL. SANT MIQUEL,41.38186,2.177086
494,RAMBLA CATALUNYA,41.389481,2.165357
495,C/ DIPUTACIÓ - TARRAGONA,41.377191,2.149283
496,C/ DE PROVENÇA,41.404871,2.175141
10,Carrer Comerç,41.38498,2.18417
52,Plaça de Sant Miquel,41.381766,2.17738
77,Casanova,41.39005,2.152905
411,Rambla Catalunya (Diputació),41.389499,2.165387
